name,url
AllTheThings,https://knowyourmeme.com/memes/all-the-things
AnakinPadmeRight,https://knowyourmeme.com/memes/for-the-better-right
AmericanChopper,https://knowyourmeme.com/memes/american-chopper-argument
AncientAliens,https://knowyourmeme.com/memes/ancient-aliens
BatmanRobin,https://knowyourmeme.com/memes/my-parents-are-dead-batman-slapping-robin
DistractedBf,https://knowyourmeme.com/memes/distracted-boyfriend
EvilKermit,https://knowyourmeme.com/memes/evil-kermit
ExpandingBrain,https://knowyourmeme.com/memes/expanding-brain
FirstWorldProbs,https://knowyourmeme.com/memes/first-world-problems
FryNotSure,https://knowyourmeme.com/memes/futurama-fry-not-sure-if
HotlineDrake,https://knowyourmeme.com/memes/drakeposting
IsThisAPigeon,https://knowyourmeme.com/memes/is-this-a-pigeon
MoneyPrinter,https://knowyourmeme.com/memes/money-printer-go-brrr
NoneOfMyBusiness,https://knowyourmeme.com/memes/but-thats-none-of-my-business
CheersLeo,https://knowyourmeme.com/memes/great-gatsby-reaction
OneDoesNotSimply,https://knowyourmeme.com/memes/one-does-not-simply-walk-into-mordor
DosEquisMan,https://knowyourmeme.com/memes/the-most-interesting-man-in-the-world
OffRamp,https://knowyourmeme.com/memes/left-exit-12-off-ramp
OprahGiveaway,https://knowyourmeme.com/memes/oprahs-you-get-a-car
Philosoraptor,https://knowyourmeme.com/memes/philosoraptor
PicardFacePalm,https://knowyourmeme.com/memes/facepalm
PicardWTH,https://knowyourmeme.com/memes/annoyed-picard
Purples,
PutItPatrick,https://knowyourmeme.com/memes/push-it-somewhere-else-patrick
Rainbow,
ShiaJustDoIt,https://knowyourmeme.com/memes/shia-labeouf-s-intense-motivational-speech-just-do-it
Spongebob,https://knowyourmeme.com/memes/mocking-spongebob
SuccessKid,https://knowyourmeme.com/memes/success-kid-i-hate-sandcastles
ThatWouldBeGreat,https://knowyourmeme.com/memes/that-would-be-great
TheRockDriving,https://knowyourmeme.com/memes/the-rock-driving
ThinkAboutIt,https://knowyourmeme.com/memes/roll-safe
TrumpBillSigning,https://knowyourmeme.com/memes/trumps-first-order-of-business
TwoButtonsAnxiety,https://knowyourmeme.com/memes/daily-struggle
WhatIfIToldYou,https://knowyourmeme.com/memes/matrix-morpheus
CondescendingWonka,https://knowyourmeme.com/memes/condescending-wonka-creepy-wonka
Y-U-NOguy,https://knowyourmeme.com/memes/y-u-no-guy
